Title,Description
Task 1,This is the description for Task 1.
Task 2,This is the description for Task 2.
Task 3,This is the description for Task 3.
Task 4,This is the description for Task 4.
Task 5,This is the description for Task 5.
Task 6,This is the description for Task 6.
Task 7,This is the description for Task 7.
Task 8,This is the description for Task 8.
Task 9,This is the description for Task 9.
Task 10,This is the description for Task 10.
Task 11,This is the description for Task 11.
Task 12,This is the description for Task 12.
Task 13,This is the description for Task 13.
Task 14,This is the description for Task 14.
Task 15,This is the description for Task 15.
Task 16,This is the description for Task 16.
Task 17,This is the description for Task 17.
Task 18,This is the description for Task 18.
Task 19,This is the description for Task 19.
Task 20,This is the description for Task 20.
Task 21,This is the description for Task 21.
Task 22,This is the description for Task 22.
Task 23,This is the description for Task 23.
Task 24,This is the description for Task 24.
Task 25,This is the description for Task 25.
